pokedex_id,name,base_egg_steps,base_happiness,capture_rate,experience_growth,height_m,weight_kg
1,Bulbasaur,5120,70,45,1059860,0.7,6.9
2,Ivysaur,5120,70,45,1059860,1.0,13.0
3,Venusaur,5120,70,45,1059860,2.0,100.0
4,Charmander,5120,70,45,1059860,0.6,8.5
5,Charmeleon,5120,70,45,1059860,1.1,19.0
6,Charizard,5120,70,45,1059860,1.7,90.5
7,Squirtle,5120,70,45,1059860,0.5,9.0
8,Wartortle,5120,70,45,1059860,1.0,22.5
9,Blastoise,5120,70,45,1059860,1.6,85.5
10,Caterpie,3840,70,255,1000000,0.3,2.9
11,Metapod,3840,70,120,1000000,0.7,9.9
12,Butterfree,3840,70,45,1000000,1.1,32.0
13,Weedle,3840,70,255,1000000,0.3,3.2
14,Kakuna,3840,70,120,1000000,0.6,10.0
15,Beedrill,3840,70,45,1000000,1.0,29.5
16,Pidgey,3840,70,255,1059860,0.3,1.8
17,Pidgeotto,3840,70,120,1059860,1.1,30.0
18,Pidgeot,3840,70,45,1059860,1.5,39.5
19,Rattata,3840,70,255,1000000,0.3,3.5
20,Raticate,3840,70,127,1000000,0.7,18.5
21,Spearow,3840,70,255,1000000,0.3,2.0
22,Fearow,3840,70,90,1000000,1.2,38.0
23,Ekans,5120,70,255,1000000,2.0,6.9
24,Arbok,5120,70,90,1000000,3.5,65.0
25,Pikachu,2560,70,190,1000000,0.4,6.0
26,Raichu,2560,70,75,1000000,0.8,30.0
27,Sandshrew,5120,70,255,1000000,0.6,12.0
28,Sandslash,5120,70,90,1000000,1.0,29.5
29,Nidoran♀,5120,70,235,1059860,0.4,7.0
30,Nidorina,5120,70,120,1059860,0.8,20.0
31,Nidoqueen,5120,70,45,1059860,1.3,60.0
32,Nidoran♂,5120,70,235,1059860,0.5,9.0
33,Nidorino,5120,70,120,1059860,0.9,19.5
34,Nidoking,5120,70,45,1059860,1.4,62.0
35,Clefairy,2560,140,150,800000,0.6,7.5
36,Clefable,2560,140,25,800000,1.3,40.0
37,Vulpix,5120,70,190,1000000,0.6,9.9
38,Ninetales,5120,70,75,1000000,1.1,19.9
39,Jigglypuff,2560,70,170,800000,0.5,5.5
40,Wigglytuff,2560,70,50,800000,1.0,12.0
41,Zubat,3840,70,255,1000000,0.8,7.5
42,Golbat,3840,70,90,1000000,1.6,55.0
43,Oddish,5120,70,255,1059860,0.5,5.4
44,Gloom,5120,70,120,1059860,0.8,8.6
45,Vileplume,5120,70,45,1059860,1.2,18.6
46,Paras,5120,70,190,1000000,0.3,5.4
47,Parasect,5120,70,75,1000000,1.0,29.5
48,Venonat,5120,70,190,1000000,1.0,30.0
49,Venomoth,5120,70,75,1000000,1.5,12.5
50,Diglett,5120,70,255,1000000,0.2,0.8
51,Dugtrio,5120,70,50,1000000,0.7,33.3
52,Meowth,5120,70,255,1000000,0.4,4.2
53,Persian,5120,70,90,1000000,1.0,32.0
54,Psyduck,5120,70,190,1000000,0.8,19.6
55,Golduck,5120,70,75,1000000,1.7,76.6
56,Mankey,5120,70,190,1000000,0.5,28.0
57,Primeape,5120,70,75,1000000,1.0,32.0
58,Growlithe,5120,70,190,1250000,0.7,19.0
59,Arcanine,5120,70,75,1250000,1.9,155.0
60,Poliwag,5120,70,255,1059860,0.6,12.4
61,Poliwhirl,5120,70,120,1059860,1.0,20.0
62,Poliwrath,5120,70,45,1059860,1.3,54.0
63,Abra,5120,70,200,1059860,0.9,19.5
64,Kadabra,5120,70,100,1059860,1.3,56.5
65,Alakazam,5120,70,50,1059860,1.5,48.0
66,Machop,5120,70,180,1059860,0.8,19.5
67,Machoke,5120,70,90,1059860,1.5,70.5
68,Machamp,5120,70,45,1059860,1.6,130.0
69,Bellsprout,5120,70,255,1059860,0.7,4.0
70,Weepinbell,5120,70,120,1059860,1.0,6.4
71,Victreebel,5120,70,45,1059860,1.7,15.5
72,Tentacool,5120,70,190,1250000,0.9,45.5
73,Tentacruel,5120,70,60,1250000,1.6,55.0
74,Geodude,3840,70,255,1059860,0.4,20.0
75,Graveler,3840,70,120,1059860,1.0,105.0
76,Golem,3840,70,45,1059860,1.4,300.0
77,Ponyta,5120,70,190,1000000,1.0,30.0
78,Rapidash,5120,70,60,1000000,1.7,95.0
79,Slowpoke,5120,70,190,1000000,1.2,36.0
80,Slowbro,5120,70,75,1000000,1.6,78.5
81,Magnemite,5120,70,190,1000000,0.3,6.0
82,Magneton,5120,70,60,1000000,1.0,60.0
83,Farfetch’d,5120,70,45,1000000,0.8,15.0
84,Doduo,5120,70,190,1000000,1.4,39.2
85,Dodrio,5120,70,45,1000000,1.8,85.2
86,Seel,5120,70,190,1000000,1.1,90.0
87,Dewgong,5120,70,75,1000000,1.7,120.0
88,Grimer,5120,70,190,1000000,0.9,30.0
89,Muk,5120,70,75,1000000,1.2,30.0
90,Shellder,5120,70,190,1250000,0.3,4.0
91,Cloyster,5120,70,60,1250000,1.5,132.5
92,Gastly,5120,70,190,1059860,1.3,0.1
93,Haunter,5120,70,90,1059860,1.6,0.1
94,Gengar,5120,70,45,1059860,1.5,40.5
95,Onix,6400,70,45,1000000,8.8,210.0
96,Drowzee,5120,70,190,1000000,1.0,32.4
97,Hypno,5120,70,75,1000000,1.6,75.6
98,Krabby,5120,70,225,1000000,0.4,6.5
99,Kingler,5120,70,60,1000000,1.3,60.0
100,Voltorb,5120,70,190,1000000,0.5,10.4
101,Electrode,5120,70,60,1000000,1.2,66.6
102,Exeggcute,5120,70,90,1250000,0.4,2.5
103,Exeggutor,5120,70,45,1250000,2.0,120.0
104,Cubone,5120,70,190,1000000,0.4,6.5
105,Marowak,5120,70,75,1000000,1.0,45.0
106,Hitmonlee,6400,70,45,1000000,1.5,49.8
107,Hitmonchan,6400,70,45,1000000,1.4,50.2
108,Lickitung,5120,70,45,1000000,1.2,65.5
109,Koffing,5120,70,190,1000000,0.6,1.0
110,Weezing,5120,70,60,1000000,1.2,9.5
111,Rhyhorn,5120,70,120,1250000,1.0,115.0
112,Rhydon,5120,70,60,1250000,1.9,120.0
113,Chansey,10240,140,30,800000,1.1,34.6
114,Tangela,5120,70,45,1000000,1.0,35.0
115,Kangaskhan,5120,70,45,1000000,2.2,80.0
116,Horsea,5120,70,225,1000000,0.4,8.0
117,Seadra,5120,70,75,1000000,1.2,25.0
118,Goldeen,5120,70,225,1000000,0.6,15.0
119,Seaking,5120,70,60,1000000,1.3,39.0
120,Staryu,5120,70,225,1250000,0.8,34.5
121,Starmie,5120,70,60,1250000,1.1,80.0
122,Mr. Mime,6400,70,45,1000000,1.3,54.5
123,Scyther,6400,70,45,1000000,1.5,56.0
124,Jynx,6400,70,45,1000000,1.4,40.6
125,Electabuzz,6400,70,45,1000000,1.1,30.0
126,Magmar,6400,70,45,1000000,1.3,44.5
127,Pinsir,6400,70,45,1250000,1.5,55.0
128,Tauros,5120,70,45,1250000,1.4,88.4
129,Magikarp,1280,70,255,1250000,0.9,10.0
130,Gyarados,1280,70,45,1250000,6.5,235.0
131,Lapras,10240,70,45,1250000,2.5,220.0
132,Ditto,5120,70,35,1000000,0.3,4.0
133,Eevee,8960,70,45,1000000,0.3,6.5
134,Vaporeon,8960,70,45,1000000,1.0,29.0
135,Jolteon,8960,70,45,1000000,0.8,24.5
136,Flareon,8960,70,45,1000000,0.9,25.0
137,Porygon,5120,70,45,1000000,0.8,36.5
138,Omanyte,7680,70,45,1000000,0.4,7.5
139,Omastar,7680,70,45,1000000,1.0,35.0
140,Kabuto,7680,70,45,1000000,0.5,11.5
141,Kabutops,7680,70,45,1000000,1.3,40.5
142,Aerodactyl,8960,70,45,1250000,1.8,59.0
143,Snorlax,10240,70,25,1250000,2.1,460.0
144,Articuno,20480,35,3,1250000,1.7,55.4
145,Zapdos,20480,35,3,1250000,1.6,52.6
146,Moltres,20480,35,3,1250000,2.0,60.0
147,Dratini,10240,35,45,1250000,1.8,3.3
148,Dragonair,10240,35,45,1250000,4.0,16.5
149,Dragonite,10240,35,45,1250000,2.2,210.0
150,Mewtwo,30720,0,3,1250000,2.0,122.0
151,Mew,30720,100,45,1059860,0.4,4.0
152,Chikorita,5120,70,45,1059860,0.9,6.4
153,Bayleef,5120,70,45,1059860,1.2,15.8
154,Meganium,5120,70,45,1059860,1.8,100.5
155,Cyndaquil,5120,70,45,1059860,0.5,7.9
156,Quilava,5120,70,45,1059860,0.9,19.0
157,Typhlosion,5120,70,45,1059860,1.7,79.5
158,Totodile,5120,70,45,1059860,0.6,9.5
159,Croconaw,5120,70,45,1059860,1.1,25.0
160,Feraligatr,5120,70,45,1059860,2.3,88.8
161,Sentret,3840,70,255,1000000,0.8,6.0
162,Furret,3840,70,90,1000000,1.8,32.5
163,Hoothoot,3840,70,255,1000000,0.7,21.2
164,Noctowl,3840,70,90,1000000,1.6,40.8
165,Ledyba,3840,70,255,800000,1.0,10.8
166,Ledian,3840,70,90,800000,1.4,35.6
167,Spinarak,3840,70,255,800000,0.5,8.5
168,Ariados,3840,70,90,800000,1.1,33.5
169,Crobat,3840,70,90,1000000,1.8,75.0
170,Chinchou,5120,70,190,1250000,0.5,12.0
171,Lanturn,5120,70,75,1250000,1.2,22.5
172,Pichu,2560,70,190,1000000,0.3,2.0
173,Cleffa,2560,140,150,800000,0.3,3.0
174,Igglybuff,2560,70,170,800000,0.3,1.0
175,Togepi,2560,70,190,800000,0.3,1.5
176,Togetic,2560,70,75,800000,0.6,3.2
177,Natu,5120,70,190,1000000,0.2,2.0
178,Xatu,5120,70,75,1000000,1.5,15.0
179,Mareep,5120,70,235,1059860,0.6,7.8
180,Flaaffy,5120,70,120,1059860,0.8,13.3
181,Ampharos,5120,70,45,1059860,1.4,61.5
182,Bellossom,5120,70,45,1059860,0.4,5.8
183,Marill,2560,70,190,800000,0.4,8.5
184,Azumarill,2560,70,75,800000,0.8,28.5
185,Sudowoodo,5120,70,65,1000000,1.2,38.0
186,Politoed,5120,70,45,1059860,1.1,33.9
187,Hoppip,5120,70,255,1059860,0.4,0.5
188,Skiploom,5120,70,120,1059860,0.6,1.0
189,Jumpluff,5120,70,45,1059860,0.8,3.0
190,Aipom,5120,70,45,800000,0.8,11.5
191,Sunkern,5120,70,235,1059860,0.3,1.8
192,Sunflora,5120,70,120,1059860,0.8,8.5
193,Yanma,5120,70,75,1000000,1.2,38.0
194,Wooper,5120,70,255,1000000,0.4,8.5
195,Quagsire,5120,70,90,1000000,1.4,75.0
196,Espeon,8960,70,45,1000000,0.9,26.5
197,Umbreon,8960,35,45,1000000,1.0,27.0
198,Murkrow,5120,35,30,1059860,0.5,2.1
199,Slowking,5120,70,70,1000000,2.0,79.5
200,Misdreavus,6400,35,45,800000,0.7,1.0
201,Unown,10240,70,225,1000000,0.5,5.0
202,Wobbuffet,5120,70,45,1000000,1.3,28.5
203,Girafarig,5120,70,60,1000000,1.5,41.5
204,Pineco,5120,70,190,1000000,0.6,7.2
205,Forretress,5120,70,75,1000000,1.2,125.8
206,Dunsparce,5120,70,190,1000000,1.5,14.0
207,Gligar,5120,70,60,1059860,1.1,64.8
208,Steelix,6400,70,25,1000000,9.2,400.0
209,Snubbull,5120,70,190,800000,0.6,7.8
210,Granbull,5120,70,75,800000,1.4,48.7
211,Qwilfish,5120,70,45,1000000,0.5,3.9
212,Scizor,6400,70,25,1000000,1.8,118.0
213,Shuckle,5120,70,190,1059860,0.6,20.5
214,Heracross,6400,70,45,1250000,1.5,54.0
215,Sneasel,5120,35,60,1059860,0.9,28.0
216,Teddiursa,5120,70,120,1000000,0.6,8.8
217,Ursaring,5120,70,60,1000000,1.8,125.8
218,Slugma,5120,70,190,1000000,0.7,35.0
219,Magcargo,5120,70,75,1000000,0.8,55.0
220,Swinub,5120,70,225,1250000,0.4,6.5
221,Piloswine,5120,70,75,1250000,1.1,55.8
222,Corsola,5120,70,60,800000,0.6,5.0
223,Remoraid,5120,70,190,1000000,0.6,12.0
224,Octillery,5120,70,75,1000000,0.9,28.5
225,Delibird,5120,70,45,800000,0.9,16.0
226,Mantine,6400,70,25,1250000,2.1,220.0
227,Skarmory,6400,70,25,1250000,1.7,50.5
228,Houndour,5120,35,120,1250000,0.6,10.8
229,Houndoom,5120,35,45,1250000,1.4,35.0
230,Kingdra,5120,70,45,1000000,1.8,152.0
231,Phanpy,5120,70,120,1000000,0.5,33.5
232,Donphan,5120,70,60,1000000,1.1,120.0
233,Porygon2,5120,70,45,1000000,0.6,32.5
234,Stantler,5120,70,45,1250000,1.4,71.2
235,Smeargle,5120,70,45,800000,1.2,58.0
236,Tyrogue,6400,70,75,1000000,0.7,21.0
237,Hitmontop,6400,70,45,1000000,1.4,48.0
238,Smoochum,6400,70,45,1000000,0.4,6.0
239,Elekid,6400,70,45,1000000,0.6,23.5
240,Magby,6400,70,45,1000000,0.7,21.4
241,Miltank,5120,70,45,1250000,1.2,75.5
242,Blissey,10240,140,30,800000,1.5,46.8
243,Raikou,20480,35,3,1250000,1.9,178.0
244,Entei,20480,35,3,1250000,2.1,198.0
245,Suicune,20480,35,3,1250000,2.0,187.0
246,Larvitar,10240,35,45,1250000,0.6,72.0
247,Pupitar,10240,35,45,1250000,1.2,152.0
248,Tyranitar,10240,35,45,1250000,2.0,202.0
249,Lugia,30720,0,3,1250000,5.2,216.0
250,Ho-Oh,30720,0,3,1250000,3.8,199.0
251,Celebi,30720,100,45,1059860,0.6,5.0
252,Treecko,5120,70,45,1059860,0.5,5.0
253,Grovyle,5120,70,45,1059860,0.9,21.6
254,Sceptile,5120,70,45,1059860,1.7,52.2
255,Torchic,5120,70,45,1059860,0.4,2.5
256,Combusken,5120,70,45,1059860,0.9,19.5
257,Blaziken,5120,70,45,1059860,1.9,52.0
258,Mudkip,5120,70,45,1059860,0.4,7.6
259,Marshtomp,5120,70,45,1059860,0.7,28.0
260,Swampert,5120,70,45,1059860,1.5,81.9
261,Poochyena,3840,70,255,1000000,0.5,13.6
262,Mightyena,3840,70,127,1000000,1.0,37.0
263,Zigzagoon,3840,70,255,1000000,0.4,17.5
264,Linoone,3840,70,90,1000000,0.5,32.5
265,Wurmple,3840,70,255,1000000,0.3,3.6
266,Silcoon,3840,70,120,1000000,0.6,10.0
267,Beautifly,3840,70,45,1000000,1.0,28.4
268,Cascoon,3840,70,120,1000000,0.7,11.5
269,Dustox,3840,70,45,1000000,1.2,31.6
270,Lotad,3840,70,255,1059860,0.5,2.6
271,Lombre,3840,70,120,1059860,1.2,32.5
272,Ludicolo,3840,70,45,1059860,1.5,55.0
273,Seedot,3840,70,255,1059860,0.5,4.0
274,Nuzleaf,3840,70,120,1059860,1.0,28.0
275,Shiftry,3840,70,45,1059860,1.3,59.6
276,Taillow,3840,70,200,1059860,0.3,2.3
277,Swellow,3840,70,45,1059860,0.7,19.8
278,Wingull,5120,70,190,1000000,0.6,9.5
279,Pelipper,5120,70,45,1000000,1.2,28.0
280,Ralts,5120,35,235,1250000,0.4,6.6
281,Kirlia,5120,35,120,1250000,0.8,20.2
282,Gardevoir,5120,35,45,1250000,1.6,48.4
283,Surskit,3840,70,200,1000000,0.5,1.7
284,Masquerain,3840,70,75,1000000,0.8,3.6
285,Shroomish,3840,70,255,1640000,0.4,4.5
286,Breloom,3840,70,90,1640000,1.2,39.2
287,Slakoth,3840,70,255,1250000,0.8,24.0
288,Vigoroth,3840,70,120,1250000,1.4,46.5
289,Slaking,3840,70,45,1250000,2.0,130.5
290,Nincada,3840,70,255,600000,0.5,5.5
291,Ninjask,3840,70,120,600000,0.8,12.0
292,Shedinja,3840,70,45,600000,0.8,1.2
293,Whismur,5120,70,190,1059860,0.6,16.3
294,Loudred,5120,70,120,1059860,1.0,40.5
295,Exploud,5120,70,45,1059860,1.5,84.0
296,Makuhita,5120,70,180,1640000,1.0,86.4
297,Hariyama,5120,70,200,1640000,2.3,253.8
298,Azurill,2560,70,150,800000,0.2,2.0
299,Nosepass,5120,70,255,1000000,1.0,97.0
300,Skitty,3840,70,255,800000,0.6,11.0
301,Delcatty,3840,70,60,800000,1.1,32.6
302,Sableye,6400,35,45,1059860,0.5,11.0
303,Mawile,5120,70,45,800000,0.6,11.5
304,Aron,8960,35,180,1250000,0.4,60.0
305,Lairon,8960,35,90,1250000,0.9,120.0
306,Aggron,8960,35,45,1250000,2.1,360.0
307,Meditite,5120,70,180,1000000,0.6,11.2
308,Medicham,5120,70,90,1000000,1.3,31.5
309,Electrike,5120,70,120,1250000,0.6,15.2
310,Manectric,5120,70,45,1250000,1.5,40.2
311,Plusle,5120,70,200,1000000,0.4,4.2
312,Minun,5120,70,200,1000000,0.4,4.2
313,Volbeat,3840,70,150,600000,0.7,17.7
314,Illumise,3840,70,150,1640000,0.6,17.7
315,Roselia,5120,70,150,1059860,0.3,2.0
316,Gulpin,5120,70,225,1640000,0.4,10.3
317,Swalot,5120,70,75,1640000,1.7,80.0
318,Carvanha,5120,35,225,1250000,0.8,20.8
319,Sharpedo,5120,35,60,1250000,1.8,88.8
320,Wailmer,10240,70,125,1640000,2.0,130.0
321,Wailord,10240,70,60,1640000,14.5,398.0
322,Numel,5120,70,255,1000000,0.7,24.0
323,Camerupt,5120,70,150,1000000,1.9,220.0
324,Torkoal,5120,70,90,1000000,0.5,80.4
325,Spoink,5120,70,255,800000,0.7,30.6
326,Grumpig,5120,70,60,800000,0.9,71.5
327,Spinda,3840,70,255,800000,1.1,5.0
328,Trapinch,5120,70,255,1059860,0.7,15.0
329,Vibrava,5120,70,120,1059860,1.1,15.3
330,Flygon,5120,70,45,1059860,2.0,82.0
331,Cacnea,5120,35,190,1059860,0.4,51.3
332,Cacturne,5120,35,60,1059860,1.3,77.4
333,Swablu,5120,70,255,600000,0.4,1.2
334,Altaria,5120,70,45,600000,1.1,20.6
335,Zangoose,5120,70,90,600000,1.3,40.3
336,Seviper,5120,70,90,1640000,2.7,52.5
337,Lunatone,6400,70,45,800000,1.0,168.0
338,Solrock,6400,70,45,800000,1.2,154.0
339,Barboach,5120,70,190,1000000,0.4,1.9
340,Whiscash,5120,70,75,1000000,0.9,23.6
341,Corphish,3840,70,205,1640000,0.6,11.5
342,Crawdaunt,3840,70,155,1640000,1.1,32.8
343,Baltoy,5120,70,255,1000000,0.5,21.5
344,Claydol,5120,70,90,1000000,1.5,108.0
345,Lileep,7680,70,45,600000,1.0,23.8
346,Cradily,7680,70,45,600000,1.5,60.4
347,Anorith,7680,70,45,600000,0.7,12.5
348,Armaldo,7680,70,45,600000,1.5,68.2
349,Feebas,5120,70,255,600000,0.6,7.4
350,Milotic,5120,70,60,600000,6.2,162.0
351,Castform,6400,70,45,1000000,0.3,0.8
352,Kecleon,5120,70,200,1059860,1.0,22.0
353,Shuppet,6400,35,225,800000,0.6,2.3
354,Banette,6400,35,45,800000,1.1,12.5
355,Duskull,6400,35,190,800000,0.8,15.0
356,Dusclops,6400,35,90,800000,1.6,30.6
357,Tropius,6400,70,200,1250000,2.0,100.0
358,Chimecho,6400,70,45,800000,0.6,1.0
359,Absol,6400,35,30,1059860,1.2,47.0
360,Wynaut,5120,70,125,1000000,0.6,14.0
361,Snorunt,5120,70,190,1000000,0.7,16.8
362,Glalie,5120,70,75,1000000,1.5,256.5
363,Spheal,5120,70,255,1059860,0.8,39.5
364,Sealeo,5120,70,120,1059860,1.1,87.6
365,Walrein,5120,70,45,1059860,1.4,150.6
366,Clamperl,5120,70,255,600000,0.4,52.5
367,Huntail,5120,70,60,600000,1.7,27.0
368,Gorebyss,5120,70,60,600000,1.8,22.6
369,Relicanth,10240,70,25,1250000,1.0,23.4
370,Luvdisc,5120,70,225,800000,0.6,8.7
371,Bagon,10240,35,45,1250000,0.6,42.1
372,Shelgon,10240,35,45,1250000,1.1,110.5
373,Salamence,10240,35,45,1250000,1.5,102.6
374,Beldum,10240,35,3,1250000,0.6,95.2
375,Metang,10240,35,3,1250000,1.2,202.5
376,Metagross,10240,35,3,1250000,1.6,550.0
377,Regirock,20480,35,3,1250000,1.7,230.0
378,Regice,20480,35,3,1250000,1.8,175.0
379,Registeel,20480,35,3,1250000,1.9,205.0
380,Latias,30720,90,3,1250000,1.4,40.0
381,Latios,30720,90,3,1250000,2.0,60.0
382,Kyogre,30720,0,3,1250000,4.5,352.0
383,Groudon,30720,0,3,1250000,3.5,950.0
384,Rayquaza,30720,0,45,1250000,7.0,206.5
385,Jirachi,30720,100,3,1250000,0.3,1.1
386,Deoxys,30720,0,3,1250000,1.7,60.8
387,Turtwig,5120,70,45,1059860,0.4,10.2
388,Grotle,5120,70,45,1059860,1.1,97.0
389,Torterra,5120,70,45,1059860,2.2,310.0
390,Chimchar,5120,70,45,1059860,0.5,6.2
391,Monferno,5120,70,45,1059860,0.9,22.0
392,Infernape,5120,70,45,1059860,1.2,55.0
393,Piplup,5120,70,45,1059860,0.4,5.2
394,Prinplup,5120,70,45,1059860,0.8,23.0
395,Empoleon,5120,70,45,1059860,1.7,84.5
396,Starly,3840,70,255,1059860,0.3,2.0
397,Staravia,3840,70,120,1059860,0.6,15.5
398,Staraptor,3840,70,45,1059860,1.2,24.9
399,Bidoof,3840,70,255,1000000,0.5,20.0
400,Bibarel,3840,70,127,1000000,1.0,31.5
401,Kricketot,3840,70,255,1059860,0.3,2.2
402,Kricketune,3840,70,45,1059860,1.0,25.5
403,Shinx,5120,70,235,1059860,0.5,9.5
404,Luxio,5120,100,120,1059860,0.9,30.5
405,Luxray,5120,70,45,1059860,1.4,42.0
406,Budew,5120,70,255,1059860,0.2,1.2
407,Roserade,5120,70,75,1059860,0.9,14.5
408,Cranidos,7680,70,45,600000,0.9,31.5
409,Rampardos,7680,70,45,600000,1.6,102.5
410,Shieldon,7680,70,45,600000,0.5,57.0
411,Bastiodon,7680,70,45,600000,1.3,149.5
412,Burmy,3840,70,120,1000000,0.2,3.4
413,Wormadam,3840,70,45,1000000,0.5,6.5
414,Mothim,3840,70,45,1000000,0.9,23.3
415,Combee,3840,70,120,1059860,0.3,5.5
416,Vespiquen,3840,70,45,1059860,1.2,38.5
417,Pachirisu,2560,100,200,1000000,0.4,3.9
418,Buizel,5120,70,190,1000000,0.7,29.5
419,Floatzel,5120,70,75,1000000,1.1,33.5
420,Cherubi,5120,70,190,1000000,0.4,3.3
421,Cherrim,5120,70,75,1000000,0.5,9.3
422,Shellos,5120,70,190,1000000,0.3,6.3
423,Gastrodon,5120,70,75,1000000,0.9,29.9
424,Ambipom,5120,100,45,800000,1.2,20.3
425,Drifloon,7680,70,125,1640000,0.4,1.2
426,Drifblim,7680,70,60,1640000,1.2,15.0
427,Buneary,5120,0,190,1000000,0.4,5.5
428,Lopunny,5120,140,60,1000000,1.2,33.3
429,Mismagius,6400,35,45,800000,0.9,4.4
430,Honchkrow,5120,35,30,1059860,0.9,27.3
431,Glameow,5120,70,190,800000,0.5,3.9
432,Purugly,5120,70,75,800000,1.0,43.8
433,Chingling,6400,70,120,800000,0.2,0.6
434,Stunky,5120,70,225,1000000,0.4,19.2
435,Skuntank,5120,70,60,1000000,1.0,38.0
436,Bronzor,5120,70,255,1000000,0.5,60.5
437,Bronzong,5120,70,90,1000000,1.3,187.0
438,Bonsly,5120,70,255,1000000,0.5,15.0
439,Mime Jr.,6400,70,145,1000000,0.6,13.0
440,Happiny,10240,140,130,800000,0.6,24.4
441,Chatot,5120,35,30,1059860,0.5,1.9
442,Spiritomb,7680,70,100,1000000,1.0,108.0
443,Gible,10240,70,45,1250000,0.7,20.5
444,Gabite,10240,70,45,1250000,1.4,56.0
445,Garchomp,10240,70,45,1250000,1.9,95.0
446,Munchlax,10240,70,50,1250000,0.6,105.0
447,Riolu,6400,70,75,1059860,0.7,20.2
448,Lucario,6400,70,45,1059860,1.2,54.0
449,Hippopotas,7680,70,140,1250000,0.8,49.5
450,Hippowdon,7680,70,60,1250000,2.0,300.0
451,Skorupi,5120,70,120,1250000,0.8,12.0
452,Drapion,5120,70,45,1250000,1.3,61.5
453,Croagunk,2560,100,140,1000000,0.7,23.0
454,Toxicroak,5120,70,75,1000000,1.3,44.4
455,Carnivine,6400,70,200,1250000,1.4,27.0
456,Finneon,5120,70,190,600000,0.4,7.0
457,Lumineon,5120,70,75,600000,1.2,24.0
458,Mantyke,6400,70,25,1250000,1.0,65.0
459,Snover,5120,70,120,1250000,1.0,50.5
460,Abomasnow,5120,70,60,1250000,2.2,135.5
461,Weavile,5120,35,45,1059860,1.1,34.0
462,Magnezone,5120,70,30,1000000,1.2,180.0
463,Lickilicky,5120,70,30,1000000,1.7,140.0
464,Rhyperior,5120,70,30,1250000,2.4,282.8
465,Tangrowth,5120,70,30,1000000,2.0,128.6
466,Electivire,6400,70,30,1000000,1.8,138.6
467,Magmortar,6400,70,30,1000000,1.6,68.0
468,Togekiss,2560,70,30,800000,1.5,38.0
469,Yanmega,5120,70,30,1000000,1.9,51.5
470,Leafeon,8960,35,45,1000000,1.0,25.5
471,Glaceon,8960,35,45,1000000,0.8,25.9
472,Gliscor,5120,70,30,1059860,2.0,42.5
473,Mamoswine,5120,70,50,1250000,2.5,291.0
474,Porygon-Z,5120,70,30,1000000,0.9,34.0
475,Gallade,5120,35,45,1250000,1.6,52.0
476,Probopass,5120,70,60,1000000,1.4,340.0
477,Dusknoir,6400,35,45,800000,2.2,106.6
478,Froslass,5120,70,75,1000000,1.3,26.6
479,Rotom,5120,70,45,1000000,0.3,0.3
480,Uxie,20480,140,3,1250000,0.3,0.3
481,Mesprit,20480,140,3,1250000,0.3,0.3
482,Azelf,20480,140,3,1250000,0.3,0.3
483,Dialga,30720,0,3,1250000,5.4,683.0
484,Palkia,30720,0,3,1250000,4.2,336.0
485,Heatran,2560,100,3,1250000,1.7,430.0
486,Regigigas,30720,0,3,1250000,3.7,420.0
487,Giratina,30720,0,3,1250000,4.5,750.0
488,Cresselia,30720,100,3,1250000,1.5,85.6
489,Phione,10240,70,30,1250000,0.4,3.1
490,Manaphy,2560,70,3,1250000,0.3,1.4
491,Darkrai,30720,0,3,1250000,1.5,50.5
492,Shaymin,30720,100,45,1059860,0.2,2.1
493,Arceus,30720,0,3,1250000,3.2,320.0
494,Victini,30720,100,3,1250000,0.4,4.0
495,Snivy,5120,70,45,1059860,0.6,8.1
496,Servine,5120,70,45,1059860,0.8,16.0
497,Serperior,5120,70,45,1059860,3.3,63.0
498,Tepig,5120,70,45,1059860,0.5,9.9
499,Pignite,5120,70,45,1059860,1.0,55.5
500,Emboar,5120,70,45,1059860,1.6,150.0
501,Oshawott,5120,70,45,1059860,0.5,5.9
502,Dewott,5120,70,45,1059860,0.8,24.5
503,Samurott,5120,70,45,1059860,1.5,94.6
504,Patrat,3840,70,255,1000000,0.5,11.6
505,Watchog,5120,70,255,1000000,1.1,27.0
506,Lillipup,3840,70,255,1059860,0.4,4.1
507,Herdier,3840,70,120,1059860,0.9,14.7
508,Stoutland,3840,70,45,1059860,1.2,61.0
509,Purrloin,5120,70,255,1000000,0.4,10.1
510,Liepard,5120,70,90,1000000,1.1,37.5
511,Pansage,5120,70,190,1000000,0.6,10.5
512,Simisage,5120,70,75,1000000,1.1,30.5
513,Pansear,5120,70,190,1000000,0.6,11.0
514,Simisear,5120,70,75,1000000,1.0,28.0
515,Panpour,5120,70,190,1000000,0.6,13.5
516,Simipour,5120,70,75,1000000,1.0,29.0
517,Munna,2560,70,190,800000,0.6,23.3
518,Musharna,2560,70,75,800000,1.1,60.5
519,Pidove,3840,70,255,1059860,0.3,2.1
520,Tranquill,3840,70,120,1059860,0.6,15.0
521,Unfezant,3840,70,45,1059860,1.2,29.0
522,Blitzle,5120,70,190,1000000,0.8,29.8
523,Zebstrika,5120,70,75,1000000,1.6,79.5
524,Roggenrola,3840,70,255,1059860,0.4,18.0
525,Boldore,3840,70,120,1059860,0.9,102.0
526,Gigalith,3840,70,45,1059860,1.7,260.0
527,Woobat,3840,70,190,1000000,0.4,2.1
528,Swoobat,3840,70,45,1000000,0.9,10.5
529,Drilbur,5120,70,120,1000000,0.3,8.5
530,Excadrill,5120,70,60,1000000,0.7,40.4
531,Audino,5120,70,255,800000,1.1,31.0
532,Timburr,5120,70,180,1059860,0.6,12.5
533,Gurdurr,5120,70,90,1059860,1.2,40.0
534,Conkeldurr,5120,70,45,1059860,1.4,87.0
535,Tympole,5120,70,255,1059860,0.5,4.5
536,Palpitoad,5120,70,120,1059860,0.8,17.0
537,Seismitoad,5120,70,45,1059860,1.5,62.0
538,Throh,5120,70,45,1000000,1.3,55.5
539,Sawk,5120,70,45,1000000,1.4,51.0
540,Sewaddle,3840,70,255,1059860,0.3,2.5
541,Swadloon,3840,70,120,1059860,0.5,7.3
542,Leavanny,3840,70,45,1059860,1.2,20.5
543,Venipede,3840,70,255,1059860,0.4,5.3
544,Whirlipede,3840,70,120,1059860,1.2,58.5
545,Scolipede,5120,70,45,1059860,2.5,200.5
546,Cottonee,5120,70,190,1000000,0.3,0.6
547,Whimsicott,5120,70,75,1000000,0.7,6.6
548,Petilil,5120,70,190,1000000,0.5,6.6
549,Lilligant,5120,70,75,1000000,1.1,16.3
550,Basculin,10240,70,25,1000000,1.0,18.0
551,Sandile,5120,70,180,1059860,0.7,15.2
552,Krokorok,5120,70,90,1059860,1.0,33.4
553,Krookodile,5120,70,45,1059860,1.5,96.3
554,Darumaka,5120,70,120,1059860,0.6,37.5
555,Darmanitan,5120,70,60,1059860,1.3,92.9
556,Maractus,5120,70,255,1000000,1.0,28.0
557,Dwebble,5120,70,190,1000000,0.3,14.5
558,Crustle,5120,70,75,1000000,1.4,200.0
559,Scraggy,3840,35,180,1000000,0.6,11.8
560,Scrafty,3840,70,90,1000000,1.1,30.0
561,Sigilyph,5120,70,45,1000000,1.4,14.0
562,Yamask,6400,70,190,1000000,0.5,1.5
563,Cofagrigus,6400,70,90,1000000,1.7,76.5
564,Tirtouga,7680,70,45,1000000,0.7,16.5
565,Carracosta,7680,70,45,1000000,1.2,81.0
566,Archen,7680,70,45,1000000,0.5,9.5
567,Archeops,7680,70,45,1000000,1.4,32.0
568,Trubbish,5120,70,190,1000000,0.6,31.0
569,Garbodor,5120,70,60,1000000,1.9,107.3
570,Zorua,6400,70,75,1059860,0.7,12.5
571,Zoroark,5120,70,45,1059860,1.6,81.1
572,Minccino,3840,70,255,800000,0.4,5.8
573,Cinccino,3840,70,60,800000,0.5,7.5
574,Gothita,5120,70,200,1059860,0.4,5.8
575,Gothorita,5120,70,100,1059860,0.7,18.0
576,Gothitelle,5120,70,50,1059860,1.5,44.0
577,Solosis,5120,70,200,1059860,0.3,1.0
578,Duosion,5120,70,100,1059860,0.6,8.0
579,Reuniclus,5120,70,50,1059860,1.0,20.1
580,Ducklett,5120,70,190,1000000,0.5,5.5
581,Swanna,5120,70,45,1000000,1.3,24.2
582,Vanillite,5120,70,255,1250000,0.4,5.7
583,Vanillish,5120,70,120,1250000,1.1,41.0
584,Vanilluxe,5120,70,45,1250000,1.3,57.5
585,Deerling,5120,70,190,1000000,0.6,19.5
586,Sawsbuck,5120,70,75,1000000,1.9,92.5
587,Emolga,5120,70,200,1000000,0.4,5.0
588,Karrablast,3840,70,200,1000000,0.5,5.9
589,Escavalier,3840,70,75,1000000,1.0,33.0
590,Foongus,5120,70,190,1000000,0.2,1.0
591,Amoonguss,5120,70,75,1000000,0.6,10.5
592,Frillish,5120,70,190,1000000,1.2,33.0
593,Jellicent,5120,70,60,1000000,2.2,135.0
594,Alomomola,10240,70,75,800000,1.2,31.6
595,Joltik,5120,70,190,1000000,0.1,0.6
596,Galvantula,5120,70,75,1000000,0.8,14.3
597,Ferroseed,5120,70,255,1000000,0.6,18.8
598,Ferrothorn,5120,70,90,1000000,1.0,110.0
599,Klink,5120,70,130,1059860,0.3,21.0
600,Klang,5120,70,60,1059860,0.6,51.0
601,Klinklang,5120,70,30,1059860,0.6,81.0
602,Tynamo,5120,70,190,1250000,0.2,0.3
603,Eelektrik,5120,70,60,1250000,1.2,22.0
604,Eelektross,5120,70,30,1250000,2.1,80.5
605,Elgyem,5120,70,255,1000000,0.5,9.0
606,Beheeyem,5120,70,90,1000000,1.0,34.5
607,Litwick,5120,70,190,1059860,0.3,3.1
608,Lampent,5120,70,90,1059860,0.6,13.0
609,Chandelure,5120,70,45,1059860,1.0,34.3
610,Axew,10240,35,75,1250000,0.6,18.0
611,Fraxure,10240,35,60,1250000,1.0,36.0
612,Haxorus,10240,35,45,1250000,1.8,105.5
613,Cubchoo,5120,70,120,1000000,0.5,8.5
614,Beartic,5120,70,60,1000000,2.6,260.0
615,Cryogonal,6400,70,25,1000000,1.1,148.0
616,Shelmet,3840,70,200,1000000,0.4,7.7
617,Accelgor,3840,70,75,1000000,0.8,25.3
618,Stunfisk,5120,70,75,1000000,0.7,11.0
619,Mienfoo,6400,70,180,1059860,0.9,20.0
620,Mienshao,6400,70,45,1059860,1.4,35.5
621,Druddigon,7680,70,45,1000000,1.6,139.0
622,Golett,6400,70,190,1000000,1.0,92.0
623,Golurk,6400,70,90,1000000,2.8,330.0
624,Pawniard,5120,35,120,1000000,0.5,10.2
625,Bisharp,5120,35,45,1000000,1.6,70.0
626,Bouffalant,5120,70,45,1000000,1.6,94.6
627,Rufflet,5120,70,190,1250000,0.5,10.5
628,Braviary,5120,70,60,1250000,1.5,41.0
629,Vullaby,5120,35,190,1250000,0.5,9.0
630,Mandibuzz,5120,35,60,1250000,1.2,39.5
631,Heatmor,5120,70,90,1000000,1.4,58.0
632,Durant,5120,70,90,1000000,0.3,33.0
633,Deino,10240,35,45,1250000,0.8,17.3
634,Zweilous,10240,35,45,1250000,1.4,50.0
635,Hydreigon,10240,35,45,1250000,1.8,160.0
636,Larvesta,10240,70,45,1250000,1.1,28.8
637,Volcarona,10240,70,15,1250000,1.6,46.0
638,Cobalion,20480,35,3,1250000,2.1,250.0
639,Terrakion,20480,35,3,1250000,1.9,260.0
640,Virizion,20480,35,3,1250000,2.0,200.0
641,Tornadus,30720,90,3,1250000,1.5,63.0
642,Thundurus,30720,90,3,1250000,1.5,61.0
643,Reshiram,30720,0,3,1250000,3.2,330.0
644,Zekrom,30720,0,3,1250000,2.9,345.0
645,Landorus,30720,90,3,1250000,1.5,68.0
646,Kyurem,30720,0,3,1250000,3.0,325.0
647,Keldeo,20480,35,3,1250000,1.4,48.5
648,Meloetta,30720,100,3,1250000,0.6,6.5
649,Genesect,30720,0,3,1250000,1.5,82.5
650,Chespin,5120,70,45,1059860,0.4,9.0
651,Quilladin,5120,70,45,1059860,0.7,29.0
652,Chesnaught,5120,70,45,1059860,1.6,90.0
653,Fennekin,5120,70,45,1059860,0.4,9.4
654,Braixen,5120,70,45,1059860,1.0,14.5
655,Delphox,5120,70,45,1059860,1.5,39.0
656,Froakie,5120,70,45,1059860,0.3,7.0
657,Frogadier,5120,70,45,1059860,0.6,10.9
658,Greninja,5120,70,45,1059860,1.5,40.0
659,Bunnelby,3840,70,255,1000000,0.4,5.0
660,Diggersby,3840,70,127,1000000,1.0,42.4
661,Fletchling,3840,70,255,1059860,0.3,1.7
662,Fletchinder,3840,70,120,1059860,0.7,16.0
663,Talonflame,3840,70,45,1059860,1.2,24.5
664,Scatterbug,3840,70,255,1000000,0.3,2.5
665,Spewpa,3840,70,120,1000000,0.3,8.4
666,Vivillon,3840,70,45,1000000,1.2,17.0
667,Litleo,5120,70,220,1059860,0.6,13.5
668,Pyroar,5120,70,65,1059860,1.5,81.5
669,Flabébé,5120,70,225,1000000,0.1,0.1
670,Floette,5120,70,120,1000000,0.2,0.9
671,Florges,5120,70,45,1000000,1.1,10.0
672,Skiddo,5120,70,200,1000000,0.9,31.0
673,Gogoat,5120,70,45,1000000,1.7,91.0
674,Pancham,6400,70,220,1000000,0.6,8.0
675,Pangoro,6400,70,65,1000000,2.1,136.0
676,Furfrou,5120,70,160,1000000,1.2,28.0
677,Espurr,5120,70,190,1000000,0.3,3.5
678,Meowstic,5120,70,75,1000000,0.6,8.5
679,Honedge,5120,70,180,1000000,0.8,2.0
680,Doublade,5120,70,90,1000000,0.8,4.5
681,Aegislash,5120,70,45,1000000,1.7,53.0
682,Spritzee,5120,70,200,1000000,0.2,0.5
683,Aromatisse,5120,70,140,1000000,0.8,15.5
684,Swirlix,5120,70,200,1000000,0.4,3.5
685,Slurpuff,5120,70,140,1000000,0.8,5.0
686,Inkay,5120,70,190,1000000,0.4,3.5
687,Malamar,5120,70,80,1000000,1.5,47.0
688,Binacle,5120,70,120,1000000,0.5,31.0
689,Barbaracle,5120,70,45,1000000,1.3,96.0
690,Skrelp,5120,70,225,1000000,0.5,7.3
691,Dragalge,5120,70,55,1000000,1.8,81.5
692,Clauncher,3840,70,225,1250000,0.5,8.3
693,Clawitzer,3840,70,55,1250000,1.3,35.3
694,Helioptile,5120,70,190,1000000,0.5,6.0
695,Heliolisk,5120,70,75,1000000,1.0,21.0
696,Tyrunt,7680,70,45,1000000,0.8,26.0
697,Tyrantrum,7680,70,45,1000000,2.5,270.0
698,Amaura,7680,70,45,1000000,1.3,25.2
699,Aurorus,7680,70,45,1000000,2.7,225.0
700,Sylveon,8960,70,45,1000000,1.0,23.5
701,Hawlucha,5120,70,100,1000000,0.8,21.5
702,Dedenne,5120,70,180,1000000,0.2,2.2
703,Carbink,6400,70,60,1250000,0.3,5.7
704,Goomy,10240,35,45,1250000,0.3,2.8
705,Sliggoo,10240,35,45,1250000,0.8,17.5
706,Goodra,10240,35,45,1250000,2.0,150.5
707,Klefki,5120,70,75,800000,0.2,3.0
708,Phantump,5120,70,120,1000000,0.4,7.0
709,Trevenant,5120,70,60,1000000,1.5,71.0
710,Pumpkaboo,5120,70,120,1000000,0.4,5.0
711,Gourgeist,5120,70,60,1000000,0.9,12.5
712,Bergmite,5120,70,190,1000000,1.0,99.5
713,Avalugg,5120,70,55,1000000,2.0,505.0
714,Noibat,5120,70,190,1000000,0.5,8.0
715,Noivern,5120,70,45,1000000,1.5,85.0
716,Xerneas,30720,0,45,1250000,3.0,215.0
717,Yveltal,30720,0,45,1250000,5.8,203.0
718,Zygarde,30720,0,3,1250000,5.0,305.0
719,Diancie,6400,70,3,1250000,0.7,8.8
720,Hoopa,30720,100,3,1250000,0.5,9.0
721,Volcanion,30720,100,3,1250000,1.7,195.0
722,Rowlet,3840,70,45,1059860,0.3,1.5
723,Dartrix,3840,70,45,1059860,0.7,16.0
724,Decidueye,3840,70,45,1059860,1.6,36.6
725,Litten,3840,70,45,1059860,0.4,4.3
726,Torracat,3840,70,45,1059860,0.7,25.0
727,Incineroar,3840,70,45,1059860,1.8,83.0
728,Popplio,3840,70,45,1059860,0.4,7.5
729,Brionne,3840,70,45,1059860,0.6,17.5
730,Primarina,3840,70,45,1059860,1.8,44.0
731,Pikipek,3840,70,255,1000000,0.3,1.2
732,Trumbeak,3840,70,120,1000000,0.6,14.8
733,Toucannon,3840,70,45,1000000,1.1,26.0
734,Yungoos,3840,70,255,1000000,0.4,6.0
735,Gumshoos,3840,70,127,1000000,0.7,14.2
736,Grubbin,3840,70,255,1000000,0.4,4.4
737,Charjabug,3840,70,120,1000000,0.5,10.5
738,Vikavolt,3840,70,45,1000000,1.5,45.0
739,Crabrawler,5120,70,225,1000000,0.6,7.0
740,Crabominable,5120,70,60,1000000,1.7,180.0
741,Oricorio,5120,70,45,1000000,0.6,3.4
742,Cutiefly,5120,70,190,1000000,0.1,0.2
743,Ribombee,5120,70,75,1000000,0.2,0.5
744,Rockruff,3840,70,190,1000000,0.5,9.2
745,Lycanroc,3840,70,90,1000000,0.8,25.0
746,Wishiwashi,3840,70,60,800000,0.2,0.3
747,Mareanie,5120,70,190,1000000,0.4,8.0
748,Toxapex,5120,70,75,1000000,0.7,14.5
749,Mudbray,5120,70,190,1000000,1.0,110.0
750,Mudsdale,5120,70,60,1000000,2.5,920.0
751,Dewpider,3840,70,200,1000000,0.3,4.0
752,Araquanid,3840,70,100,1000000,1.8,82.0
753,Fomantis,5120,70,190,1000000,0.3,1.5
754,Lurantis,5120,70,75,1000000,0.9,18.5
755,Morelull,5120,70,190,1000000,0.2,1.5
756,Shiinotic,5120,70,75,1000000,1.0,11.5
757,Salandit,5120,70,120,1000000,0.6,4.8
758,Salazzle,5120,70,45,1000000,1.2,22.2
759,Stufful,3840,70,140,1000000,0.5,6.8
760,Bewear,3840,70,70,1000000,2.1,135.0
761,Bounsweet,5120,70,235,1059860,0.3,3.2
762,Steenee,5120,70,120,1059860,0.7,8.2
763,Tsareena,5120,70,45,1059860,1.2,21.4
764,Comfey,5120,70,60,800000,0.1,0.3
765,Oranguru,5120,70,45,1250000,1.5,76.0
766,Passimian,5120,70,45,1250000,2.0,82.8
767,Wimpod,5120,70,90,1000000,0.5,12.0
768,Golisopod,5120,70,45,1000000,2.0,108.0
769,Sandygast,3840,70,140,1000000,0.5,70.0
770,Palossand,3840,70,60,1000000,1.3,250.0
771,Pyukumuku,3840,70,60,800000,0.3,1.2
772,Type: Null,30720,0,3,1250000,1.9,120.5
773,Silvally,30720,0,3,1250000,2.3,100.5
774,Minior,6400,70,30,1059860,0.3,40.0
775,Komala,5120,70,45,1250000,0.4,19.9
776,Turtonator,5120,70,70,1000000,2.0,212.0
777,Togedemaru,2560,70,180,1000000,0.3,3.3
778,Mimikyu,5120,70,45,1000000,0.2,0.7
779,Bruxish,3840,70,80,1000000,0.9,19.0
780,Drampa,5120,70,70,1000000,3.0,185.0
781,Dhelmise,6400,70,25,1000000,3.9,210.0
782,Jangmo-o,10240,70,45,1250000,0.6,29.7
783,Hakamo-o,10240,70,45,1250000,1.2,47.0
784,Kommo-o,10240,70,45,1250000,1.6,78.2
785,Tapu Koko,3840,70,3,1250000,1.8,20.5
786,Tapu Lele,3840,70,3,1250000,1.2,18.6
787,Tapu Bulu,3840,70,3,1250000,1.9,45.5
788,Tapu Fini,3840,70,3,1250000,1.3,21.2
789,Cosmog,30720,0,45,1250000,0.2,0.1
790,Cosmoem,30720,0,45,1250000,0.1,999.9
791,Solgaleo,30720,0,45,1250000,3.4,230.0
792,Lunala,30720,0,45,1250000,4.0,120.0
793,Nihilego,30720,0,45,1250000,1.2,55.5
794,Buzzwole,30720,0,45,1250000,2.4,333.6
795,Pheromosa,30720,0,45,1250000,1.8,25.0
796,Xurkitree,30720,0,45,1250000,3.8,100.0
797,Celesteela,30720,0,45,1250000,9.2,999.9
798,Kartana,30720,0,45,1250000,0.3,0.1
799,Guzzlord,30720,0,45,1250000,5.5,888.0
800,Necrozma,30720,0,255,1250000,2.4,230.0
801,Magearna,30720,0,3,1250000,1.0,80.5
802,Marshadow,30720,0,3,1250000,0.7,22.2
803,Poipole,30720,0,45,1250000,0.6,1.8
804,Naganadel,30720,0,45,1250000,3.6,150.0
805,Stakataka,30720,0,30,1250000,5.5,820.0
806,Blacephalon,30720,0,30,1250000,1.8,13.0
807,Zeraora,30720,0,3,1250000,1.5,44.5
808,Meltan,30720,0,3,1250000,0.2,8.0
809,Melmetal,30720,0,3,1250000,2.5,800.0
810,Grookey,5120,50,45,1059860,0.3,5.0
811,Thwackey,5120,50,45,1059860,0.7,14.0
812,Rillaboom,5120,50,45,1059860,2.1,90.0
813,Scorbunny,5120,50,45,1059860,0.3,4.5
814,Raboot,5120,50,45,1059860,0.6,9.0
815,Cinderace,5120,50,45,1059860,1.4,33.0
816,Sobble,5120,50,45,1059860,0.3,4.0
817,Drizzile,5120,50,45,1059860,0.7,11.5
818,Inteleon,5120,50,45,1059860,1.9,45.2
819,Skwovet,5120,50,255,1000000,0.3,2.5
820,Greedent,5120,50,90,1000000,0.6,6.0
821,Rookidee,3840,50,255,1059860,0.2,1.8
822,Corvisquire,3840,50,120,1059860,0.8,16.0
823,Corviknight,3840,50,45,1059860,2.2,75.0
824,Blipbug,3840,50,255,1000000,0.4,8.0
825,Dottler,3840,50,120,1000000,0.4,19.5
826,Orbeetle,3840,50,45,1000000,0.4,40.8
827,Nickit,3840,50,255,800000,0.6,8.9
828,Thievul,3840,50,127,800000,1.2,19.9
829,Gossifleur,5120,50,190,1000000,0.4,2.2
830,Eldegoss,5120,50,75,1000000,0.5,2.5
831,Wooloo,3840,50,255,1000000,0.6,6.0
832,Dubwool,3840,50,127,1000000,1.3,43.0
833,Chewtle,5120,50,255,1000000,0.3,8.5
834,Drednaw,5120,50,75,1000000,1.0,115.5
835,Yamper,5120,50,255,800000,0.3,13.5
836,Boltund,5120,50,45,800000,1.0,34.0
837,Rolycoly,3840,50,255,1059860,0.3,12.0
838,Carkol,3840,50,120,1059860,1.1,78.0
839,Coalossal,3840,50,45,1059860,2.8,310.5
840,Applin,5120,50,255,600000,0.2,0.5
841,Flapple,5120,50,45,600000,0.3,1.0
842,Appletun,5120,50,45,600000,0.4,13.0
843,Silicobra,5120,50,255,1000000,2.2,7.6
844,Sandaconda,5120,50,120,1000000,3.8,65.5
845,Cramorant,5120,50,45,1000000,0.8,18.0
846,Arrokuda,5120,50,255,1250000,0.5,1.0
847,Barraskewda,5120,50,60,1250000,1.3,30.0
848,Toxel,6400,50,75,1059860,0.4,11.0
849,Toxtricity,6400,50,45,1059860,1.6,40.0
850,Sizzlipede,5120,50,190,1000000,0.7,1.0
851,Centiskorch,5120,50,75,1000000,3.0,120.0
852,Clobbopus,6400,50,180,1059860,0.6,4.0
853,Grapploct,6400,50,45,1059860,1.6,39.0
854,Sinistea,5120,50,120,1000000,0.1,0.2
855,Polteageist,5120,50,60,1000000,0.2,0.4
856,Hatenna,5120,50,235,1250000,0.4,3.4
857,Hattrem,5120,50,120,1250000,0.6,4.8
858,Hatterene,5120,50,45,1250000,2.1,5.1
859,Impidimp,5120,50,255,1000000,0.4,5.5
860,Morgrem,5120,50,120,1000000,0.8,12.5
861,Grimmsnarl,5120,50,45,1000000,1.5,61.0
862,Obstagoon,3840,50,45,1000000,1.6,46.0
863,Perrserker,5120,50,90,1000000,0.8,28.0
864,Cursola,5120,50,30,800000,1.0,0.4
865,Sirfetch’d,5120,50,45,1000000,0.8,117.0
866,Mr. Rime,6400,50,45,1000000,1.5,58.2
867,Runerigus,6400,50,90,1000000,1.6,66.6
868,Milcery,5120,50,200,1000000,0.2,0.3
869,Alcremie,5120,50,100,1000000,0.3,0.5
870,Falinks,6400,50,45,1000000,3.0,62.0
871,Pincurchin,5120,50,75,1000000,0.3,1.0
872,Snom,5120,50,190,1000000,0.3,3.8
873,Frosmoth,5120,50,75,1000000,1.3,42.0
874,Stonjourner,6400,50,60,1250000,2.5,520.0
875,Eiscue,6400,50,60,1250000,1.4,89.0
876,Indeedee,10240,140,30,800000,0.9,28.0
877,Morpeko,2560,50,180,1000000,0.3,3.0
878,Cufant,6400,50,190,1000000,1.2,100.0
879,Copperajah,6400,50,90,1000000,3.0,650.0
880,Dracozolt,8960,50,45,1250000,1.8,190.0
881,Arctozolt,8960,50,45,1250000,2.3,150.0
882,Dracovish,8960,50,45,1250000,2.3,215.0
883,Arctovish,8960,50,45,1250000,2.0,175.0
884,Duraludon,7680,50,45,1000000,1.8,40.0
885,Dreepy,10240,50,45,1250000,0.5,2.0
886,Drakloak,10240,50,45,1250000,1.4,11.0
887,Dragapult,10240,50,45,1250000,3.0,50.0
888,Zacian,30720,0,10,1250000,2.8,110.0
889,Zamazenta,30720,0,10,1250000,2.9,210.0
890,Eternatus,30720,0,255,1250000,20.0,950.0
891,Kubfu,30720,50,3,1250000,0.6,12.0
892,Urshifu,30720,50,3,1250000,1.9,105.0
893,Zarude,30720,0,3,1250000,1.8,70.0
894,Regieleki,30720,35,3,1250000,1.2,145.0
895,Regidrago,30720,35,3,1250000,2.1,200.0
896,Glastrier,30720,35,3,1250000,2.2,800.0
897,Spectrier,30720,35,3,1250000,2.0,44.5
898,Calyrex,30720,100,3,1250000,1.1,7.7
899,Wyrdeer,5120,50,135,1250000,1.8,95.1
900,Kleavor,5120,50,115,1000000,1.8,89.0
901,Ursaluna,5120,50,75,1000000,2.4,290.0
902,Basculegion,5120,50,135,1000000,3.0,110.0
903,Sneasler,5120,50,135,1059860,1.3,43.0
904,Overqwil,5120,50,135,1000000,2.5,60.5
905,Enamorus,5120,50,3,1250000,1.6,48.0
906,Sprigatito,5120,50,45,1059860,0.4,4.1
907,Floragato,5120,50,45,1059860,0.9,12.2
908,Meowscarada,5120,50,45,1059860,1.5,31.2
909,Fuecoco,5120,50,45,1059860,0.4,9.8
910,Crocalor,5120,50,45,1059860,1.0,30.7
911,Skeledirge,5120,50,45,1059860,1.6,326.5
912,Quaxly,5120,50,45,1059860,0.5,6.1
913,Quaxwell,5120,50,45,1059860,1.2,21.5
914,Quaquaval,5120,50,45,1059860,1.8,61.9
915,Lechonk,3840,50,255,1000000,0.5,10.2
916,Oinkologne,3840,50,100,1000000,1.0,120.0
917,Tarountula,3840,50,255,600000,0.3,4.0
918,Spidops,3840,50,120,600000,1.0,16.5
919,Nymble,5120,20,190,1000000,0.2,1.0
920,Lokix,5120,0,30,1000000,1.0,17.5
921,Pawmi,3840,50,190,1000000,0.3,2.5
922,Pawmo,3840,50,80,1000000,0.4,6.5
923,Pawmot,3840,50,45,1000000,0.9,41.0
924,Tandemaus,2560,50,150,800000,0.3,1.8
925,Maushold,2560,50,75,800000,0.3,2.8
926,Fidough,5120,50,190,1059860,0.3,10.9
927,Dachsbun,5120,50,90,1059860,0.5,14.9
928,Smoliv,5120,50,255,1059860,0.3,6.5
929,Dolliv,5120,50,120,1059860,0.6,11.9
930,Arboliva,5120,50,45,1059860,1.4,48.2
931,Squawkabilly,3840,50,190,600000,0.6,2.4
932,Nacli,5120,50,255,1059860,0.4,16.0
933,Naclstack,5120,50,120,1059860,0.6,105.0
934,Garganacl,5120,50,45,1059860,2.3,240.0
935,Charcadet,8960,50,90,1250000,0.6,10.5
936,Armarouge,8960,20,25,1250000,1.5,85.0
937,Ceruledge,8960,20,25,1250000,1.6,62.0
938,Tadbulb,5120,50,190,1000000,0.3,0.4
939,Bellibolt,5120,50,50,1000000,1.2,113.0
940,Wattrel,5120,50,180,1059860,0.4,3.6
941,Kilowattrel,5120,50,90,1059860,1.4,38.6
942,Maschiff,5120,50,150,1059860,0.5,16.0
943,Mabosstiff,5120,50,75,1059860,1.1,61.0
944,Shroodle,5120,50,190,1059860,0.2,0.7
945,Grafaiai,5120,50,90,1059860,0.7,27.2
946,Bramblin,5120,50,190,1000000,0.6,0.6
947,Brambleghast,5120,50,45,1000000,1.2,6.0
948,Toedscool,5120,50,190,1059860,0.9,33.0
949,Toedscruel,5120,50,90,1059860,1.9,58.0
950,Klawf,8960,50,120,1000000,1.3,79.0
951,Capsakid,5120,50,190,1000000,0.3,3.0
952,Scovillain,5120,50,75,1000000,0.9,15.0
953,Rellor,5120,50,190,800000,0.2,1.0
954,Rabsca,5120,50,45,800000,0.3,3.5
955,Flittle,5120,50,120,1059860,0.2,1.5
956,Espathra,5120,50,60,1059860,1.9,90.0
957,Tinkatink,5120,50,190,1059860,0.4,8.9
958,Tinkatuff,5120,50,90,1059860,0.7,59.1
959,Tinkaton,5120,50,45,1059860,0.7,112.8
960,Wiglett,5120,50,255,1000000,1.2,1.8
961,Wugtrio,5120,50,50,1000000,1.2,5.4
962,Bombirdier,8960,50,25,1250000,1.5,42.9
963,Finizen,10240,50,200,1250000,1.3,60.2
964,Palafin,10240,50,45,1250000,1.3,60.2
965,Varoom,5120,50,190,1000000,1.0,35.0
966,Revavroom,5120,50,75,1000000,1.8,120.0
967,Cyclizar,7680,50,190,1059860,1.6,63.0
968,Orthworm,8960,50,25,1250000,2.5,310.0
969,Glimmet,7680,50,70,1059860,0.7,8.0
970,Glimmora,7680,50,25,1059860,1.5,45.0
971,Greavard,5120,50,120,1059860,0.6,35.0
972,Houndstone,5120,50,60,1059860,2.0,15.0
973,Flamigo,5120,50,100,1059860,1.6,37.0
974,Cetoddle,6400,50,150,1059860,1.2,45.0
975,Cetitan,6400,50,50,1059860,4.5,700.0
976,Veluza,5120,50,100,800000,2.5,90.0
977,Dondozo,10240,50,25,1250000,12.0,220.0
978,Tatsugiri,8960,50,100,1059860,0.3,8.0
979,Annihilape,5120,50,45,1000000,1.2,56.0
980,Clodsire,5120,50,90,1000000,1.8,223.0
981,Farigiraf,5120,50,45,1000000,3.2,160.0
982,Dudunsparce,5120,50,45,1000000,3.6,39.2
983,Kingambit,5120,50,25,1000000,2.0,120.0
984,Great Tusk,12800,0,30,1250000,2.2,320.0
985,Scream Tail,12800,0,50,1250000,1.2,8.0
986,Brute Bonnet,12800,0,50,1250000,1.2,21.0
987,Flutter Mane,12800,0,30,1250000,1.4,4.0
988,Slither Wing,12800,0,30,1250000,3.2,92.0
989,Sandy Shocks,12800,0,30,1250000,2.3,60.0
990,Iron Treads,12800,0,30,1250000,0.9,240.0
991,Iron Bundle,12800,0,50,1250000,0.6,11.0
992,Iron Hands,12800,0,50,1250000,1.8,380.7
993,Iron Jugulis,12800,0,30,1250000,1.3,111.0
994,Iron Moth,12800,0,30,1250000,1.2,36.0
995,Iron Thorns,12800,0,30,1250000,1.6,303.0
996,Frigibax,10240,50,45,1250000,0.5,17.0
997,Arctibax,10240,50,25,1250000,0.8,30.0
998,Baxcalibur,10240,50,10,1250000,2.1,210.0
999,Gimmighoul,12800,50,45,1250000,0.3,5.0
1000,Gholdengo,12800,50,45,1250000,1.2,30.0
1001,Wo-Chien,12800,0,6,1250000,1.5,74.2
1002,Chien-Pao,12800,0,6,1250000,1.9,152.2
1003,Ting-Lu,12800,0,6,1250000,2.7,699.7
1004,Chi-Yu,12800,0,6,1250000,0.4,4.9
1005,Roaring Moon,12800,0,10,1250000,2.0,380.0
1006,Iron Valiant,12800,0,10,1250000,1.4,35.0
1007,Koraidon,12800,0,3,1250000,2.5,303.0
1008,Miraidon,12800,0,3,1250000,3.5,240.0
1009,Walking Wake,12800,0,5,1250000,3.5,280.0
1010,Iron Leaves,12800,0,5,1250000,1.5,125.0
1011,Dipplin,5120,50,45,1250000,0.4,9.7
1012,Poltchageist,12800,50,120,1250000,0.1,1.1
1013,Sinistcha,12800,50,60,1250000,0.2,2.2
1014,Okidogi,12800,0,3,1250000,1.8,92.2
1015,Munkidori,12800,0,3,1250000,1.0,12.2
1016,Fezandipiti,12800,0,3,1250000,1.4,30.1
1017,Ogerpon,12800,50,5,1250000,1.2,39.8
1018,Archaludon,7680,50,10,1000000,2.0,60.0
1019,Hydrapple,5120,50,10,600000,1.8,93.0
1020,Gouging Fire,12800,0,10,1250000,3.5,590.0
1021,Raging Bolt,12800,0,10,1250000,5.2,480.0
1022,Iron Boulder,12800,0,10,1250000,1.5,162.5
1023,Iron Crown,12800,0,10,1250000,1.6,156.0
1024,Terapagos,1280,50,255,1250000,0.2,6.5
1025,Pecharunt,5120,0,3,1250000,0.3,0.3
